<beans xmlns="http://www.springframework.org/schema/beans"
    xmlns:mvc="http://www.springframework.org/schema/mvc"
	xmlns:context="http://www.springframework.org/schema/context"
	xmlns:xsi="http://www.w3.org/2001/XMLSchema-instance"
	xsi:schemaLocation="
        http://www.springframework.org/schema/beans
        http://www.springframework.org/schema/beans/spring-beans.xsd
        http://www.springframework.org/schema/mvc
        http://www.springframework.org/schema/mvc/spring-mvc.xsd
        http://www.springframework.org/schema/context
        http://www.springframework.org/schema/context/spring-context.xsd">

 
  <context:component-scan base-package="com.amazon.*"></context:component-scan>    
    <bean class="org.springframework.web.servlet.view.InternalResourceViewResolver">  
        <property name="prefix" value="/WEB-INF/jsp/" />
        <property name="suffix" value=".jsp" />
    </bean>
    
    <bean id="ds" class="org.springframework.jdbc.datasource.DriverManagerDataSource">  
		<property name="driverClassName" value="com.mysql.jdbc.Driver" />  
		<property name="url" value="jdbc:mysql://localhost:3306/amazon" />  
		<property name="username" value="root" />  
		<property name="password" value="mani123" />  
	</bean>    
	<bean id="jdbcTemplate" class="org.springframework.jdbc.core.JdbcTemplate">  
		<property name="dataSource" ref="ds"></property>  
	</bean>  
	<bean id="evdao" class="com.amazon.dao.Evdetdao"> 
		<property name="template" ref="jdbcTemplate"></property>  
	</bean>
	<bean id="showdao" class="com.amazon.dao.Showdao"> 
		<property name="template" ref="jdbcTemplate"></property>  
	</bean>
	<bean id="dao" class="com.amazon.dao.Eventsdao"> 
		<property name="template" ref="jdbcTemplate"></property>  
	</bean>
	<!-- File upload -->
	<bean id="multipartResolver" class="org.springframework.web.multipart.commons.CommonsMultipartResolver"/>
 	
 	<mvc:annotation-driven />
 	
 	<mvc:resources mapping="/resources/**" location="/resources/"
    cache-period="31556926"/>
 
    <mvc:annotation-driven /> 
     <bean class="org.springframework.web.servlet.handler.SimpleMappingExceptionResolver">
        <property name="exceptionMappings">
            <props>
                <prop key="java.lang.Exception">error</prop>
            </props>
        </property>
    </bean>
    
</beans>